epoch,train_loss,train_bce,train_hierarchy_penalty,validation_loss,validation_macro_f1_at_0_5,validation_micro_f1_at_0_5
1,0.7484148150481337,0.7484148150481337,0.0,0.6638718688609144,0.07102828472852707,0.07284480333328247
2,0.6772299844301064,0.6772299844301064,0.0,0.6142154902031043,0.08947599679231644,0.09855606406927109
3,0.6303401593713129,0.6303401593713129,0.0,0.5801648693747239,0.10300964117050171,0.11825192719697952
4,0.5896522157990922,0.5896522157990922,0.0,0.5327934201412631,0.1376006007194519,0.16484025120735168
5,0.5518760114367118,0.5518760114367118,0.0,0.5084840148731881,0.14720198512077332,0.17805860936641693
6,0.5187020662985931,0.5187020662985931,0.0,0.4717487080388983,0.17836935818195343,0.2136809229850769
7,0.4877878915471205,0.4877878915471205,0.0,0.44090862965584304,0.20012009143829346,0.2422659993171692
8,0.4606801498932988,0.4606801498932988,0.0,0.41941785874777776,0.2128138244152069,0.2557981610298157
9,0.435879931656205,0.435879931656205,0.0,0.3952381180341514,0.22850710153579712,0.27371853590011597
10,0.4115936799584626,0.4115936799584626,0.0,0.3742374158608329,0.2548654079437256,0.30172213912010193
11,0.3901417104961773,0.3901417104961773,0.0,0.35122709081474457,0.26568952202796936,0.31475839018821716
12,0.3705073459795126,0.3705073459795126,0.0,0.3346636073899468,0.27665796875953674,0.3253880739212036
13,0.351728217772513,0.351728217772513,0.0,0.31618429781353224,0.29117944836616516,0.3433724045753479
14,0.33499979426397647,0.33499979426397647,0.0,0.30143828624673896,0.3046833276748657,0.35919851064682007
15,0.3190474089620863,0.3190474089620863,0.0,0.28693482711447527,0.31403031945228577,0.3690321743488312
16,0.30471553523719036,0.30471553523719036,0.0,0.27376199679633423,0.31902238726615906,0.3736628592014313
17,0.29088649403126493,0.29088649403126493,0.0,0.2636539765248601,0.3248331546783447,0.3780905306339264
18,0.27841938377067654,0.27841938377067654,0.0,0.25030872224344375,0.33414754271507263,0.3908851444721222
19,0.26661123047277785,0.26661123047277785,0.0,0.2394372199812688,0.335176020860672,0.3948691487312317
20,0.2556947724144596,0.2556947724144596,0.0,0.23026795433917469,0.3396861255168915,0.39858803153038025
21,0.24547470136716362,0.24547470136716362,0.0,0.2201692628889567,0.34579840302467346,0.40569478273391724
22,0.23601827531330752,0.23601827531330752,0.0,0.21107398678789896,0.35094934701919556,0.4108603000640869
23,0.22695378671443575,0.22695378671443575,0.0,0.2049168399431095,0.34857502579689026,0.41388368606567383
24,0.2185661388172286,0.2185661388172286,0.0,0.1962274841641179,0.36067312955856323,0.4201830327510834
25,0.21068193971516236,0.21068193971516236,0.0,0.19184130375521372,0.3603018820285797,0.4206133484840393
26,0.20325244451097713,0.20325244451097713,0.0,0.18259772754393186,0.3629920780658722,0.42748475074768066
27,0.19610793272109245,0.19610793272109245,0.0,0.17799426860479872,0.36446502804756165,0.42916688323020935
28,0.18960037582370967,0.18960037582370967,0.0,0.1723897298605121,0.36436209082603455,0.4298204779624939
29,0.18322393179014135,0.18322393179014135,0.0,0.16554184343589579,0.3669692277908325,0.43411785364151
30,0.17736756410875018,0.17736756410875018,0.0,0.16052191390553008,0.3708803951740265,0.4349566698074341
31,0.1716079742080989,0.1716079742080989,0.0,0.15665361585358437,0.3733162581920624,0.44056251645088196
32,0.1663812921176889,0.1663812921176889,0.0,0.15174012795802017,0.3762841522693634,0.4405771493911743
33,0.1613267510223675,0.1613267510223675,0.0,0.14711923359475262,0.37509608268737793,0.44226446747779846
34,0.15635260814308963,0.15635260814308963,0.0,0.14394831937807695,0.37399572134017944,0.4415304958820343
35,0.15190768719118922,0.15190768719118922,0.0,0.13928264492638687,0.37306222319602966,0.4452257752418518
36,0.14737663351578192,0.14737663351578192,0.0,0.13597703320431664,0.37422633171081543,0.44677218794822693
37,0.14337148265804997,0.14337148265804997,0.0,0.13251800238553194,0.3786143362522125,0.4476630985736847
38,0.1394360905257277,0.1394360905257277,0.0,0.1298874286279941,0.3732316195964813,0.4486554265022278
39,0.1356194951926186,0.1356194951926186,0.0,0.12604188428094953,0.38229912519454956,0.4509545564651489
40,0.13193898446039892,0.13193898446039892,0.0,0.12355292477294423,0.37793540954589844,0.452340692281723
41,0.1284401868765746,0.1284401868765746,0.0,0.12066109702171346,0.38003918528556824,0.45262259244918823
42,0.12501788792611654,0.12501788792611654,0.0,0.11839087864819473,0.37986519932746887,0.45251184701919556
43,0.12195248187963101,0.12195248187963101,0.0,0.11486900001980616,0.3824225664138794,0.45773056149482727
44,0.11895405235802274,0.11895405235802274,0.0,0.1131734762267816,0.3834335207939148,0.4541049003601074
45,0.11606449385290533,0.11606449385290533,0.0,0.11024567585866658,0.3839515447616577,0.4581174850463867
46,0.11330452084257998,0.11330452084257998,0.0,0.10835165522320302,0.3812059462070465,0.4572770595550537
47,0.11042393202020606,0.11042393202020606,0.0,0.10673545466133287,0.38114693760871887,0.4566552937030792
48,0.10784418626587472,0.10784418626587472,0.0,0.10464787279864063,0.386626660823822,0.45949795842170715
49,0.10535869893125814,0.10535869893125814,0.0,0.1026991273930928,0.38276413083076477,0.4614170789718628
50,0.10284589409078077,0.10284589409078077,0.0,0.10098879213163185,0.3822500705718994,0.4594244658946991
51,0.10077423994698435,0.10077423994698435,0.0,0.09976341457992546,0.3803706467151642,0.45865553617477417
52,0.09853510024820124,0.09853510024820124,0.0,0.09771142061398087,0.38169971108436584,0.46198391914367676
53,0.09638062461851857,0.09638062461851857,0.0,0.09674059886779483,0.38087695837020874,0.4586634635925293
54,0.09440335500623973,0.09440335500623973,0.0,0.09524102834696041,0.38057243824005127,0.4583666920661926
55,0.09229085286534196,0.09229085286534196,0.0,0.09303057976513025,0.38496071100234985,0.46367204189300537
56,0.09031264038159509,0.09031264038159509,0.0,0.09155384461875868,0.3789411187171936,0.46102526783943176
57,0.08850269255377187,0.08850269255377187,0.0,0.09054885957034949,0.38066717982292175,0.4623435437679291
58,0.0867620586221452,0.0867620586221452,0.0,0.08980108022223325,0.3830573558807373,0.4643093943595886
59,0.0850687201168897,0.0850687201168897,0.0,0.08846413845371968,0.3832166790962219,0.46414241194725037
60,0.08327627907673531,0.08327627907673531,0.0,0.08743378550396715,0.38239234685897827,0.46278703212738037
